score	scop40/scop40	scop40/scop40c
2	>10	>10
4	>10	>10
6	>10	>10
8	5.77	3.5
10	2.25	1.07
12	0.875	0.327
14	0.341	0.0999
16	0.133	0.0306
18	0.0517	0.00934
20	0.0202	0.00286
22	0.00785	0.000874
24	0.00306	0.000267
26	0.00119	8.17e-05
28	0.000464	2.5e-05
30	0.000181	7.64e-06
32	7.05e-05	2.34e-06
34	2.75e-05	7.14e-07
36	1.07e-05	2.18e-07
38	4.17e-06	6.68e-08
40	1.62e-06	2.04e-08
