TS	SCOP40	SCOP40c
0.05	0.181	0.309
0.10	0.0334	0.0303
0.15	0.00616	0.00296
0.20	0.00114	0.00029
0.25	0.00021	2.83e-05
0.30	3.87e-05	2.77e-06
0.35	7.14e-06	2.71e-07
0.40	1.32e-06	2.65e-08
0.45	2.43e-07	2.6e-09
0.50	4.49e-08	2.54e-10
0.55	8.28e-09	2.48e-11
0.60	1.53e-09	2.43e-12
0.65	2.82e-10	2.38e-13
0.70	5.2e-11	2.33e-14
0.75	9.59e-12	2.28e-15
0.80	1.77e-12	2.23e-16
0.85	3.26e-13	2.18e-17
0.90	6.02e-14	2.13e-18
0.95	1.11e-14	2.09e-19
1.00	2.05e-15	2.04e-20
1.05	3.78e-16	2e-21
